Exchange,Symbol_Code,Company
VIETNAM,SHS.HN,사이공하노이증권
VIETNAM,CEO.HN,CEO그룹
VIETNAM,MBG.HN,베트남무역건설개발
VIETNAM,PVS.HN,PV기술서비스
VIETNAM,MBS.HN,MB증권
VIETNAM,HUT.HN,타스코
VIETNAM,AAV.HN,AAV 그룹
VIETNAM,IDC.HN,IDICO 건설
VIETNAM,TIG.HN,탕롱투자그룹
VIETNAM,MST.HN,1168건설
VIETNAM,TNG.HN,TNG투자무역
VIETNAM,VC3.HN,비나코넥스3
VIETNAM,VGS.HN,베트남독일강철관
VIETNAM,PVC.HN,드릴링머드
VIETNAM,GKM.HN,캉민벽돌
VIETNAM,C69.HN,1369건설
VIETNAM,IDJ.HN,IDJ파이낸셜
VIETNAM,TTH.HN,티엔탄서비스
VIETNAM,DVM.HN,베트남 약재
VIETNAM,LIG.HN,리코지13
VIETNAM,TKG.HN,퉁칸 무역 제조
VIETNAM,DDG.HN,인도차이나 수출입
VIETNAM,DL1.HN,알파 세븐 그룹
VIETNAM,DTD.HN,탄닷개발투자
VIETNAM,AMV.HN,아메리칸베트남바이오
VIETNAM,HTP.HN,호아팟교재출판
VIETNAM,LAS.HN,람타오비료
VIETNAM,DXP.HN,도안싸항구
VIETNAM,VFS.HN,비엣 퍼스트 세큐리티스
VIETNAM,NVB.HN,국립상업은행
VIETNAM,NRC.HN,얀코이 그룹
VIETNAM,VIG.HN,베트남공상증권
VIETNAM,NTP.HN,티엔퐁플라스틱
VIETNAM,API.HN,아태투자
VIETNAM,APS.HN,아태증권
VIETNAM,VC7.HN,BGI 그룹 JSC
VIETNAM,VTZ.HN,비엣 탄 플라스틱
VIETNAM,CTP.HN,트엉푸
VIETNAM,L14.HN,리코지14
VIETNAM,DHT.HN,하떠이제약
VIETNAM,BNA.HN,바오응옥 인베스트먼트 프로덕션
VIETNAM,EVS.HN,에버레스트 증권
VIETNAM,PVB.HN,PV코팅
VIETNAM,FID.HN,베트남투자개발
VIETNAM,BCC.HN,빔손시멘트
VIETNAM,NDN.HN,다낭주택투자
VIETNAM,TDT.HN,TDT투자개발
VIETNAM,PV2.HN,PVI인베스트
VIETNAM,DVG.HN,다이비에트 페인트 그룹
VIETNAM,TC6.HN,비나코민꼽사우
VIETNAM,DIH.HN,DIC호이안
VIETNAM,CMS.HN,카비코건설
VIETNAM,BVS.HN,바오베트남증권
VIETNAM,VC2.HN,비나코넥스2
VIETNAM,SD6.HN,송다6
VIETNAM,KTT.HN,KTT 인베스트먼트 그룹
VIETNAM,SCI.HN,송다9건설투자
VIETNAM,PIC.HN,PC3 투자
VIETNAM,CVN.HN,비남
VIETNAM,D11.HN,부동산11
VIETNAM,KSQ.HN,꽝안광물
VIETNAM,VCS.HN,비코스톤
VIETNAM,SCG.HN,SCG 콘스트럭션 그룹
VIETNAM,NAG.HN,나가카와베트남
VIETNAM,VHE.HN,베트남 허브엔푸드
VIETNAM,IPA.HN,IPA 투자 그룹 JSC
VIETNAM,S99.HN,송다99
VIETNAM,PLC.HN,페트롤리멕스석화
VIETNAM,NBC.HN,비나코민누이베오
VIETNAM,HVT.HN,트라이화학
VIETNAM,VNF.HN,비나프레이트
VIETNAM,LHC.HN,럼동
VIETNAM,PSI.HN,PV증권
VIETNAM,DST.HN,남딘출판교육장비
VIETNAM,L18.HN,건설 투자 JSC 넘버18
VIETNAM,PPT.HN,페트로 타임스
VIETNAM,NSH.HN,송홍알루미늄
VIETNAM,MCO.HN,BDC베트남투자
VIETNAM,SRA.HN,사라베트남
VIETNAM,CSC.HN,탄남건설투자
VIETNAM,IVS.HN,국태 군안 시큐리티스
VIETNAM,CAP.HN,엔바이농림식품
VIETNAM,SDT.HN,송다10
VIETNAM,PSW.HN,PV남서비료화학
VIETNAM,PVI.HN,PV보험
VIETNAM,TSB.HN,띠아상배터리
VIETNAM,BCF.HN,비치식품
VIETNAM,SDA.HN,심코송다
VIETNAM,VTV.HN,비셈시멘트운송
VIETNAM,HOM.HN,비셈황마이시멘트
VIETNAM,SPI.HN,스파이럴 갤럭시 JSC
VIETNAM,KDM.HN,뉴 레지덴셜 어반 디벨롭먼트 홀딩스
VIETNAM,KSF.HN,리얼 테크 그룹 JSC
VIETNAM,HLD.HN,허드랜드부동산
VIETNAM,PCH.HN,피코맷 플라스틱
VIETNAM,HBS.HN,호아빈증권
VIETNAM,THT.HN,비나코민하뜨
VIETNAM,PSD.HN,PV석유유통
VIETNAM,TDN.HN,비나코민데오나이
VIETNAM,MAC.HN,마세르코
VIETNAM,PVG.HN,PV북부가스
VIETNAM,TVD.HN,비나코민방단
VIETNAM,VNR.HN,베트남국립재보험
VIETNAM,CIA.HN,깜란국제공항
VIETNAM,SD9.HN,송다9
VIETNAM,TA9.HN,탄안건설96
VIETNAM,PGN.HN,플라스틱 에디티브
VIETNAM,SMT.HN,삼끄엉전기통신소재
VIETNAM,SVN.HN,쏠라비나
VIETNAM,IDV.HN,빈푹인프라개발
VIETNAM,OCH.HN,오션호스피탤리티
VIETNAM,TTL.HN,탕롱
VIETNAM,DC2.HN,DIC부동산2
VIETNAM,KTS.HN,꼰뚬제당
VIETNAM,WSS.HN,월스트리트증권
VIETNAM,VMC.HN,비메코
VIETNAM,BTS.HN,비셈붓손시멘트
VIETNAM,BAB.HN,베트남 바카 은행
VIETNAM,S55.HN,송다5
VIETNAM,ITQ.HN,티엔꽝그룹
VIETNAM,TV3.HN,전력건설컨설팅3
VIETNAM,SLS.HN,손라제당
VIETNAM,WCS.HN,서부버스터미널
VIETNAM,PCG.HN,PV도시가스개발
VIETNAM,INN.HN,농업인쇄포장
VIETNAM,LDP.HN,람동제약
VIETNAM,TJC.HN,트란스코
VIETNAM,MDC.HN,비나코민몽드엉
VIETNAM,QHD.HN,베트남둑용접봉
VIETNAM,EID.HN,하노이교육투자
VIETNAM,PGT.HN,PGT홀딩스
VIETNAM,SD5.HN,송다5
VIETNAM,CAG.HN,안장항만서비스
VIETNAM,THD.HN,타이홀딩스 JSC
VIETNAM,BAX.HN,통낫
VIETNAM,CET.HN,HTC 홀딩스 JSC
VIETNAM,PDB.HN,딘 캐피탈 인베스트먼트 그룹 JSC
VIETNAM,PTS.HN,페트롤리멕스하이퐁
VIETNAM,PBP.HN,PV포장
VIETNAM,PRC.HN,포트세르코
VIETNAM,DTG.HN,티파르코 파마슈티컬
VIETNAM,TMB.HN,비나코민 북부 석탄
VIETNAM,PCT.HN,쿠롱가스운송
VIETNAM,V21.HN,비나코넥스21
VIETNAM,HDA.HN,동아페인트
VIETNAM,GMX.HN,미쌍요업건축재료
VIETNAM,POT.HN,PT통신설비
VIETNAM,TKU.HN,뚱쿠앙산업
VIETNAM,TXM.HN,비셈석고시멘트
VIETNAM,VE8.HN,제8전기건설
VIETNAM,SGD.HN,호찌민교과서
VIETNAM,DTC.HN,동찌에우 비글라세라
VIETNAM,KSV.HN,비나코민 미네랄 홀딩
VIETNAM,DNP.HN,DNP 홀딩
VIETNAM,TV4.HN,전력건설컨설팅4
VIETNAM,RCL.HN,쪼론부동산
VIETNAM,PPP.HN,퐁푸제약
VIETNAM,HMR.HN,호앙마이 석재
VIETNAM,BBS.HN,비셈붓손포장
VIETNAM,VTC.HN,VTC텔레콤
VIETNAM,EBS.HN,하노이교과서
VIETNAM,PCE.HN,PV농화학
VIETNAM,SAF.HN,사포코식품
VIETNAM,UNI.HN,사오 마이 비엣 투자개발
VIETNAM,DP3.HN,중앙제약
VIETNAM,VCC.HN,비나코넥스25
VIETNAM,MAS.HN,다낭항공서비스
VIETNAM,ICG.HN,송홍건설
VIETNAM,CLH.HN,라히엔시멘트
VIETNAM,NST.HN,응안손
VIETNAM,SMN.HN,남부출판교육장비
VIETNAM,VNC.HN,비나콘트롤그룹
VIETNAM,CX8.HN,콘스트레크심8
VIETNAM,MCF.HN,메코푸드
VIETNAM,TOT.HN,트랜시멕스 운송
VIETNAM,CLM.HN,비나코민석탄
VIETNAM,KSD.HN,동남아하미코
VIETNAM,VHL.HN,비글라세라하롱
VIETNAM,DAD.HN,다낭교육투자
VIETNAM,TFC.HN,짱이세라믹
VIETNAM,HCC.HN,호아캠콘크리트
VIETNAM,DTK.HN,비나코민 파워 홀딩
VIETNAM,NET.HN,넷세제
VIETNAM,PSE.HN,PV남동비료화학
VIETNAM,THB.HN,탄호아맥주
VIETNAM,TTT.HN,타이닌관광
VIETNAM,VC9.HN,비나코넥스9
VIETNAM,BST.HN,빈투언출판교육장비
VIETNAM,DAE.HN,다낭교과서
VIETNAM,NAP.HN,응에띤 항구
VIETNAM,TMX.HN,비셈시멘트무역
VIETNAM,VE3.HN,제2전기건설
VIETNAM,HKT.HN,에고 베트남 투자
VIETNAM,L61.HN,리라마69.1
VIETNAM,VE1.HN,제1전기건설
VIETNAM,VNT.HN,VNT물류
VIETNAM,HJS.HN,남무수력발전
VIETNAM,BTW.HN,벤탄상수도
VIETNAM,CPC.HN,컨터농약
VIETNAM,GDW.HN,지아 띤 워터
VIETNAM,NTH.HN,느억트롱 수력발전
VIETNAM,PPY.HN,PV석유
VIETNAM,GIC.HN,그린 디벨롭먼트 인베스트먼트 서비스
VIETNAM,SPC.HN,사이공 플랜트 프로텍션
VIETNAM,CTB.HN,하이드엉펌프
VIETNAM,VGP.HN,베지텍스코
VIETNAM,CDN.HN,다낭 항구
VIETNAM,SHE.HN,손하에너지 개발
VIETNAM,AME.HN,알파남E&C
VIETNAM,DS3.HN,내륙수로개발관리
VIETNAM,L62.HN,리라마69.2
VIETNAM,MEL.HN,메린제철
VIETNAM,MKV.HN,까이라이동물의약품
VIETNAM,NBP.HN,닌빈화력발전
VIETNAM,NBW.HN,니아베상수도
VIETNAM,PMB.HN,PV북부비료화학
VIETNAM,PIA.HN,페트롤리맥스 정보통신기술
VIETNAM,PTI.HN,PT보험
VIETNAM,PTD.HN,푹틴디자인
VIETNAM,SED.HN,푸옥남교육투자
VIETNAM,SJ1.HN,훙하우농업
VIETNAM,TTC.HN,탄탄
VIETNAM,VC6.HN,비나코넥스6
VIETNAM,VCM.HN,비나코넥스인력서비스
VIETNAM,VIF.HN,베트남산림공사
VIETNAM,VSM.HN,센트럴컨테이너
VIETNAM,CCR.HN,깜란 포트
VIETNAM,KKC.HN,타인 타이 그룹
VIETNAM,PGS.HN,남부가스
VIETNAM,BXH.HN,하이퐁시멘트포장
VIETNAM,PMC.HN,파메틱제약
VIETNAM,SDC.HN,송다컨설팅
VIETNAM,TPH.HN,하노이교재출판
VIETNAM,ADC.HN,아트디자인
VIETNAM,ALT.HN,알타
VIETNAM,AMC.HN,아시아광물
VIETNAM,ARM.HN,에어리멕스
VIETNAM,ATS.HN,아테스코케이터링
VIETNAM,BED.HN,다낭출판교육장비
VIETNAM,BDB.HN,빈딘출판교육장비
VIETNAM,BKC.HN,박칸광업
VIETNAM,BSC.HN,벤탄서비스
VIETNAM,BPC.HN,비셈빔손포장
VIETNAM,CAN.HN,하롱통조림
VIETNAM,CMC.HN,CMC투자
VIETNAM,CKV.HN,꼬끼비나
VIETNAM,CJC.HN,중앙전기
VIETNAM,CTT.HN,비나코민기계
VIETNAM,CTC.HN,호앙 킴 테이 엔귀엔 그룹 JSC
VIETNAM,DPC.HN,다낭플라스틱
VIETNAM,DNC.HN,하이퐁
VIETNAM,DHP.HN,하이퐁전기
VIETNAM,DZM.HN,디지안기계
VIETNAM,ECI.HN,교육지도삽화출한
VIETNAM,HAD.HN,하이드엉맥주
VIETNAM,HGM.HN,하장광산기술
VIETNAM,HCT.HN,하이퐁시멘트운송
VIETNAM,GLT.HN,글로벌전력기술
VIETNAM,HEV.HN,고등교과전문서적
VIETNAM,HHC.HN,하이하제과
VIETNAM,HAT.HN,하노이맥주
VIETNAM,HLC.HN,비나코민하람
VIETNAM,HMH.HN,하이민
VIETNAM,HTC.HN,혹몬
VIETNAM,INC.HN,IDICO컨설팅
VIETNAM,KHS.HN,끼엔훙
VIETNAM,KLF.HN,KLF글로벌인베스트
VIETNAM,KMT.HN,중앙금속
VIETNAM,KST.HN,까사티
VIETNAM,L43.HN,리라마45.3
VIETNAM,LCD.HN,LILAMA테스팅
VIETNAM,LBE.HN,롱안출판교육장비
VIETNAM,MCC.HN,고급벽돌타일
VIETNAM,MED.HN,Mediplantex 국립제약 JSC
VIETNAM,MIM.HN,미메코
VIETNAM,MHL.HN,민흐우리엔
VIETNAM,NDX.HN,다낭주택개발
VIETNAM,NHC.HN,니히엡
VIETNAM,NFC.HN,닌빈인산비료
VIETNAM,ONE.HN,원커뮤니케이션
VIETNAM,PEN.HN,페트롤리멕스건설
VIETNAM,PHN.HN,하노이 배터리
VIETNAM,PPS.HN,PV전기서비스
VIETNAM,PMS.HN,페트폴리멕스기계
VIETNAM,PMP.HN,덤푸미포장
VIETNAM,PJC.HN,페트롤리멕스하노이
VIETNAM,PPE.HN,PV전력컨설팅
VIETNAM,PSC.HN,페트롤리멕스사이공
VIETNAM,QST.HN,꽝닌출판교육장비
VIETNAM,QTC.HN,꽝남운송
VIETNAM,SDU.HN,송다도시개발투자
VIETNAM,SEB.HN,미엔쭝전력
VIETNAM,SDG.HN,사디코컨터
VIETNAM,SDN.HN,동나이페인트
VIETNAM,SFN.HN,사이공어망
VIETNAM,SHN.HN,하노이투자
VIETNAM,SGC.HN,사장무역
VIETNAM,SJE.HN,송다11
VIETNAM,SGH.HN,사이공호텔
VIETNAM,SSM.HN,VNECO강철구조물
VIETNAM,STP.HN,송다무역
VIETNAM,STC.HN,호치민출판교육장비
VIETNAM,SZB.HN,소나데지 롱 빈 지주회사
VIETNAM,TBX.HN,타이빈시멘트
VIETNAM,TAR.HN,쯩안하이테크농업
VIETNAM,TET.HN,북부방직의류
VIETNAM,THS.HN,송다탄호아
VIETNAM,TPP.HN,떤푸 베트남
VIETNAM,TTZ.HN,티엔쭝건설
VIETNAM,TMC.HN,투득무역
VIETNAM,TVC.HN,찌비엣투자관리
VIETNAM,V12.HN,비나코넥스12
VIETNAM,VIT.HN,비글라세라티엔손
VIETNAM,VC1.HN,비나코넥스1
VIETNAM,VDL.HN,람동식품
VIETNAM,VE4.HN,제4전기건설
VIETNAM,VLA.HN,반랑기술개발
VIETNAM,VBC.HN,빈플라스틱
VIETNAM,VMS.HN,베트남해양개발
VIETNAM,VTJ.HN,비나인베스트
VIETNAM,VSA.HN,베트남해운대리점
VIETNAM,VTH.HN,비에타이전선
VIETNAM,X20.HN,X20 JSC
VIETNAM,MVB.HN,비나코민 비엣박 광업지주
VIETNAM,GMA.HN,베트남 엔테코
VIETNAM,PRE.HN,하노이 리인슈어런스
VIETNAM,L40.HN,40 인베스트먼트 앤 컨스트럭션
